customer_id,age,income,recency,frequency,monetary
C1001,60,956000,238,1,33800
C1002,34,1373000,13,19,181400
C1003,55,1153000,10,24,195900
C1004,27,1353000,14,18,104800
C1005,39,1088000,7,19,148100
C1006,47,1394000,16,32,199500
C1007,37,1030000,39,12,46800
C1008,28,428000,64,6,17900
C1009,23,367000,68,1,25300
C1010,50,1508000,13,24,130000
C1011,33,699000,36,7,64400
C1012,40,337000,11,8,30300
C1013,36,897000,333,7,35200
C1014,64,1272000,261,1,18200
C1015,55,1488000,248,3,38900
C1016,54,924000,187,3,33100
C1017,30,1623000,10,27,168500
C1018,27,662000,31,11,66700
C1019,29,594000,34,8,34100
C1020,34,352000,99,4,15100
C1021,37,898000,35,13,59200
C1022,20,1136000,41,3,67100
C1023,40,736000,44,8,77900
C1024,19,470000,125,4,13000
C1025,33,776000,41,13,73700
C1026,25,570000,114,5,11000
C1027,34,584000,23,12,82300
C1028,35,1634000,5,15,200400
C1029,52,1389000,312,3,29300
C1030,67,1157000,256,1,26800
C1031,33,813000,34,7,42800
C1032,50,1574000,14,20,200900
C1033,38,585000,42,6,46700
C1034,47,1242000,291,5,14000
C1035,37,897000,27,15,92700
C1036,40,890000,37,6,71500
C1037,44,1318000,21,26,210600
C1038,33,1453000,18,31,172000
C1039,30,474000,96,2,11500
C1040,26,671000,61,10,42500
C1041,36,1301000,10,31,226000
C1042,38,1028000,17,18,182900
C1043,25,402000,106,3,20900
C1044,26,456000,88,7,29800
C1045,40,890000,263,2,16800
C1046,29,518000,30,3,9400
C1047,34,408000,99,1,23100
C1048,39,1490000,11,29,186800
C1049,52,819000,246,1,25100
C1050,33,1032000,24,17,74100
C1051,36,826000,48,10,62200
C1052,18,461000,93,5,28900
C1053,28,565000,20,11,78500
C1054,30,716000,37,10,63500
C1055,27,401000,138,7,24000
C1056,22,305000,90,5,14200
C1057,58,599000,231,3,29600
C1058,18,552000,95,4,28400
C1059,27,443000,84,7,31700
C1060,29,571000,66,3,24200
C1061,20,424000,54,4,11700
C1062,26,792000,23,7,66100
C1063,30,863000,31,10,62700
C1064,21,711000,43,14,87200
C1065,19,617000,179,3,5300
C1066,25,469000,76,6,20300
C1067,27,120000,80,3,20900
C1068,25,1052000,48,12,37700
C1069,43,934000,41,8,43300
C1070,51,1218000,11,22,206300
C1071,35,793000,41,9,62900
C1072,43,1343000,8,25,194200
C1073,38,466000,80,5,12400
C1074,61,1355000,8,18,226200
C1075,53,1344000,25,24,215200
C1076,60,975000,193,1,41600
C1077,40,1816000,16,23,161500
C1078,21,689000,29,11,57200
C1079,32,775000,24,8,49300
C1080,23,292000,119,4,34000
C1081,56,1576000,242,7,23500
C1082,28,462000,110,5,17300
C1083,25,981000,27,13,81300
C1084,26,481000,99,5,30600
C1085,31,647000,37,12,62200
C1086,20,522000,168,4,23500
C1087,39,1528000,7,18,164300
C1088,36,779000,22,13,45600
C1089,20,478000,83,1,17200
C1090,62,720000,127,2,20200
C1091,42,1562000,5,21,196500
C1092,37,578000,48,13,60000
C1093,30,731000,47,10,28300
C1094,42,924000,212,6,43700
C1095,72,1182000,210,1,3500
C1096,27,667000,41,8,70200
C1097,34,1572000,23,23,191200
C1098,50,1564000,11,21,176200
C1099,46,1071000,107,6,8500
C1100,30,501000,138,3,22300
C1101,18,675000,29,8,74800
C1102,50,1949000,7,28,129600
C1103,29,490000,89,4,26900
C1104,34,1365000,13,31,160600
C1105,45,1333000,13,35,195400
C1106,36,1539000,7,27,142400
C1107,37,970000,45,8,52600
C1108,50,933000,132,4,5700
C1109,38,1660000,5,16,205700
C1110,31,595000,22,18,82400
C1111,40,2178000,10,23,236700
C1112,38,1775000,15,22,200400
C1113,26,394000,45,6,22400
C1114,24,648000,57,4,65700
C1115,22,445000,109,5,22000
C1116,35,481000,20,10,62200
C1117,50,1570000,9,18,123500
C1118,69,653000,226,1,34800
C1119,30,655000,36,11,48200
C1120,40,847000,46,14,62600
C1121,26,790000,56,8,69700
C1122,26,587000,27,10,89000
C1123,62,813000,277,2,20800
C1124,30,741000,42,13,65800
C1125,29,938000,32,12,65700
C1126,53,857000,52,4,20100
C1127,23,120000,79,2,13400
C1128,27,1063000,160,1,24400
C1129,60,1083000,163,3,16400
C1130,22,385000,105,3,6800
C1131,27,523000,113,7,23300
C1132,26,408000,66,7,9600
C1133,55,1401000,285,3,49100
C1134,22,246000,13,9,59700
C1135,35,1660000,11,37,219600
C1136,26,583000,135,3,15100
C1137,36,433000,84,6,19000
C1138,21,864000,44,10,67700
C1139,28,789000,34,12,65800
C1140,25,325000,115,4,12700
C1141,33,674000,26,15,68000
C1142,39,1052000,224,1,40200
C1143,64,804000,275,5,13100
C1144,39,516000,102,2,18500
C1145,29,421000,64,6,8400
C1146,27,264000,129,6,18600
C1147,49,1220000,1,22,217500
C1148,32,894000,66,13,65000
C1149,29,515000,32,6,31500
C1150,46,469000,97,5,15800
C1151,30,870000,21,10,61200
C1152,20,338000,98,4,20900
C1153,59,630000,150,6,26500
C1154,37,605000,49,14,59000
C1155,38,781000,34,13,66200
C1156,46,1224000,12,19,245600
C1157,24,773000,66,11,34100
C1158,60,935000,241,2,30600
C1159,35,735000,55,9,53700
C1160,48,1104000,333,5,30400
C1161,27,337000,106,4,12000
C1162,36,630000,29,8,67900
C1163,60,864000,183,4,24900
C1164,18,488000,99,3,21900
C1165,49,1196000,12,24,112800
C1166,27,342000,115,4,20100
C1167,41,770000,34,17,76000
C1168,29,389000,139,7,21700
C1169,34,469000,4,8,44900
C1170,43,1359000,2,23,236500
C1171,52,1399000,13,16,174600
C1172,46,1550000,11,17,205400
C1173,29,547000,93,3,10000
C1174,27,610000,18,13,67200
C1175,45,1104000,209,3,23100
C1176,18,1107000,30,4,43200
C1177,38,627000,58,6,8800
C1178,48,1495000,11,21,207300
C1179,47,776000,48,6,79000
C1180,27,416000,108,4,27300
C1181,38,357000,118,4,20600
C1182,25,375000,81,3,9700
C1183,47,1509000,13,24,178300
C1184,37,541000,26,13,48600
C1185,18,310000,108,4,22000
C1186,39,672000,49,10,76900
C1187,47,1119000,18,11,173300
C1188,60,1170000,287,4,25800
C1189,25,827000,41,8,45700
C1190,21,367000,124,8,14600
C1191,45,1131000,14,27,201800
C1192,68,1125000,200,3,41400
C1193,30,1074000,192,2,1500
C1194,32,666000,18,6,80700
C1195,32,410000,107,2,16200
C1196,51,1193000,215,4,32500
C1197,22,721000,25,9,71600
C1198,36,578000,73,1,4600
C1199,42,750000,46,10,71600
C1200,41,1212000,21,17,187300
C1201,39,1106000,20,24,195700
C1202,24,649000,32,7,59000
C1203,21,408000,138,2,7100
C1204,27,420000,98,4,13000
C1205,46,1384000,230,3,14900
C1206,49,1285000,6,23,190300
C1207,42,732000,255,5,7400
C1208,21,381000,131,4,8700
C1209,48,696000,124,3,37800
C1210,45,1201000,14,21,230500
C1211,24,542000,139,5,10100
C1212,24,1486000,7,20,146100
C1213,37,666000,63,15,89000
C1214,37,1361000,9,13,246000
C1215,28,270000,58,7,17700
C1216,34,904000,32,13,44600
C1217,33,392000,89,4,27000
C1218,44,1044000,279,8,3800
C1219,31,706000,14,11,77400
C1220,43,1609000,13,22,187500
C1221,18,598000,69,2,8400
C1222,32,470000,46,14,60200
C1223,18,480000,41,4,45800
C1224,53,897000,198,4,24100
C1225,42,1606000,18,21,174800
C1226,34,484000,14,10,68700
C1227,48,1173000,180,3,36900
C1228,48,1082000,1,30,241600
C1229,43,1468000,15,21,248700
C1230,27,565000,77,1,16800
C1231,27,569000,32,14,56000
C1232,49,1559000,20,20,212400
C1233,28,401000,15,10,75400
C1234,53,753000,178,5,22300
C1235,27,434000,79,3,5300
C1236,18,761000,29,10,54400
C1237,41,1430000,7,28,173500
C1238,59,953000,229,2,49000
C1239,18,693000,4,12,87900
C1240,34,892000,46,13,79800
C1241,23,252000,63,6,18200
C1242,25,473000,78,3,11800
C1243,31,667000,116,4,16700
C1244,48,1018000,14,16,143800
C1245,55,1069000,122,1,15200
C1246,31,1182000,198,4,36200
C1247,58,1143000,160,2,28500
C1248,31,452000,126,4,10600
C1249,46,1151000,12,22,176700
C1250,44,1455000,5,20,182700
C1251,35,566000,51,10,88800
C1252,66,744000,291,4,33000
C1253,24,445000,107,1,14000
C1254,32,1077000,199,1,24400
C1255,18,457000,101,6,14600
C1256,33,634000,74,12,83600
C1257,44,1088000,19,17,211300
C1258,26,310000,111,3,2300
C1259,25,485000,105,5,28700
C1260,25,756000,18,13,35200
C1261,39,1790000,21,19,149500
C1262,33,1167000,6,15,123900
C1263,43,1390000,22,15,166900
C1264,30,746000,43,11,77000
C1265,32,230000,95,5,13300
C1266,48,1217000,4,33,214000
C1267,48,636000,201,6,30600
C1268,40,673000,43,8,57500
C1269,29,1505000,10,23,160500
C1270,52,1030000,114,3,24700
C1271,28,266000,62,4,11000
C1272,52,1355000,9,17,95200
C1273,32,388000,21,8,56400
C1274,56,1039000,235,2,5000
C1275,27,464000,118,4,35200
C1276,49,896000,220,5,42000
C1277,29,794000,29,10,35200
C1278,45,868000,265,1,8400
C1279,37,387000,47,1,14300
C1280,38,1659000,5,24,186100
C1281,45,1194000,22,21,237900
C1282,22,213000,95,3,17400
C1283,33,454000,114,2,17000
C1284,24,1254000,246,4,33100
C1285,32,548000,87,5,20600
C1286,18,529000,120,4,15500
C1287,34,1290000,12,22,225400
C1288,48,1850000,4,21,144000
C1289,33,471000,93,4,12500
C1290,44,831000,232,1,20200
C1291,36,1425000,8,19,131300
C1292,30,822000,61,15,54800
C1293,46,1083000,243,8,19100
C1294,24,293000,104,1,25100
C1295,31,1058000,279,1,14200
C1296,52,1063000,220,1,14300
C1297,34,945000,58,10,65300
C1298,21,633000,45,9,50800
C1299,34,953000,38,6,53300
C1300,28,819000,41,11,68600
C1301,25,466000,24,16,69700
C1302,18,465000,72,1,1500
C1303,32,427000,41,13,60800
C1304,49,1191000,251,3,31400
C1305,40,1616000,6,15,245500
C1306,23,601000,85,5,22300
C1307,37,891000,26,10,62900
C1308,34,949000,57,12,63300
C1309,67,567000,173,2,27700
C1310,20,537000,42,12,73100
